a, b, addResult, diffResult, multResult, divResult
1, 2, 3, -1, 2, 0.5
2, 3, 5, -1, 6, 0.6666666666666666
3, 4, 7, -1, 12, 0.75
4, 5, 9, -1, 20, 0.8
5, 6, 11, -1, 30, 0.8333333333333334
6, 7, 13, -1, 42, 0.8571428571428571
7, 8, 15, -1, 56, 0.875
8, 9, 17, -1, 72, 0.8888888888888888
9, 10, 19, -1, 90, 0.9
10, 11, 21, -1, 110, 0.9090909090909091
11, 2, 11, 11, 0, undefined